platforme,nom,password,mail
instagrame,Joshua Jones,_szAMFU%d2,Doris Valdez@gmail.com
instagrame,Frederick Gill,+XTo5DuGY2,Matthew Morales@gmail.com
instagrame,Darrell Calderon,%2y@Bztf_h,Jeremy Jones@gmail.com
instagrame,Shawn Clark,&_8Hd1daTT,Julia Ramsey@gmail.com
instagrame,Joseph Cardenas,9T!IzKqe_8,Samantha Grant@gmail.com
instagrame,Adam Harris,(n4D4Mmp!G,William Watkins@gmail.com
instagrame,Kurt Hicks,1sDIY$rS*I,Adam Martinez@gmail.com
instagrame,Sierra Myers,I#*+!8RhlY,Meghan Willis@gmail.com
instagrame,Donald Coleman,*1NlZaZ%by,Karen Jenkins@gmail.com
instagrame,Catherine Webb,m#RP7HqO&_,Kathleen Willis@gmail.com
instagrame,Dr. Ethan Porter,VZxLG7Ab*D,Heidi Lara@gmail.com
instagrame,Tony Smith,n@(5#WPy(d,Michael Anderson@gmail.com
instagrame,Paul Turner,26OdlG@u&0,John Hartman@gmail.com
instagrame,Rebecca Martinez,+ZN+j1Rek*,Mike Barrett@gmail.com
instagrame,Regina Ford,Z@M3Sxt&fD,Miss Shannon Lawson@gmail.com
instagrame,Elizabeth Jackson,nH)%o4rwi#,Matthew Cooke@gmail.com
instagrame,Christina Valenzuela,PM0If6oxh&,Sonya Curry DVM@gmail.com
instagrame,Carrie Jones,#9$Rr!E9o@,Danny Thomas@gmail.com
instagrame,William Cabrera,@0kqkSx*+O,John Clayton@gmail.com
instagrame,Shelby Howell,9fExp(G7#2,Lynn Cannon MD@gmail.com
instagrame,Tracy Jones,k5QyWr%s%Y,Alan Shah@gmail.com
instagrame,Glen Harris,@dR9G_)eob,Michael Bullock@gmail.com
instagrame,Damon Brady,9(EmoOje+Z,Lauren Vaughn@gmail.com
instagrame,Luke Smith,rikPkKOI%2,Michelle Gutierrez@gmail.com
instagrame,Mario Carpenter,OEb5XROsH^,Stephanie Dean@gmail.com
instagrame,Jeanette Mueller,)NU9naa^7*,Taylor Meza@gmail.com
instagrame,Robert Williams,^J@H3@d3u0,Lisa Dixon@gmail.com
instagrame,Jennifer Anderson,M1j4Xr#s^9,Stephanie Pittman@gmail.com
instagrame,Kyle Chavez,7uCRC&rf&+,Michaela Patterson@gmail.com
instagrame,Thomas Robinson,(8b2UyX^@$,Ethan Valdez@gmail.com
instagrame,Anne Thompson,98NBh5BC(D,Pamela Burton@gmail.com
instagrame,Donald Branch,RU_o6SQocy,Travis Williams@gmail.com
instagrame,Chad Watson,!K*YBk#H9z,Michelle Hodges@gmail.com
instagrame,Amber Marks,^x68BFZzt$,Jason Pittman@gmail.com
instagrame,Jason Moore,5kA4zeUu!!,David Black@gmail.com
instagrame,Carrie Reyes,e1Fcsjlx_L,Alan Lewis@gmail.com
instagrame,Mitchell Kaufman,@6Akx@+DP_,Kelly Lynch@gmail.com
instagrame,Dillon Tanner,Ep98JKOlB#,Steven Hall@gmail.com
instagrame,Peter Sharp,^&B3CNtJQY,Todd Turner@gmail.com
instagrame,Frank Kennedy,p9S#f_*F*W,Michael Rivers@gmail.com
instagrame,Sandra Murray,H**8Pswtg$,Jennifer White@gmail.com
instagrame,Michael Harper,d@0Io1awZ),Jesus Grant@gmail.com
instagrame,Amanda Baldwin,I_d5gOYubL,Richard Johnson@gmail.com
instagrame,Gary Wade DVM,Nr2Uj5Akd@,Mrs. Meagan Jones MD@gmail.com
instagrame,Elizabeth Smith,(0Fq_W%5rC,Sherri Lynn@gmail.com
instagrame,Kenneth Gonzalez,yQ^Z7KpXoZ,Angela Gilmore@gmail.com
instagrame,Thomas Sexton,!p+2HxqH14,Deborah Ferguson@gmail.com
instagrame,John Harvey,^6RfO6yLwa,Alexander Stark@gmail.com
instagrame,Aaron Warner,r0&E3Rfms^,Megan Bell@gmail.com
instagrame,Tyrone Galloway,1hqDJ)Ss)#,Sandra Miranda@gmail.com
instagrame,Cynthia Cervantes,8n5Qvc0#)9,Michael Marks@gmail.com
instagrame,Walter Sullivan,R32$VGwr%l,David Nguyen@gmail.com
instagrame,Ann Ramirez,7r_b4XR2&g,Megan Hughes@gmail.com
instagrame,Linda Williams,Sp3YmBPx+),Suzanne Evans@gmail.com
instagrame,Dr. Curtis Blevins,6)+)4Hxt@F,Lauren Jimenez@gmail.com
instagrame,Holly Price,U$82L2hkW%,Tyler Johns@gmail.com
instagrame,Ricardo Hoffman,k*2HyOry+l,Julia Bean@gmail.com
instagrame,Robert Mccall,%DT1qtbMV1,Jeffrey Camacho@gmail.com
instagrame,Samuel Campbell,&nF%Bs77g5,Benjamin Thompson@gmail.com
instagrame,Phillip Wade,Y*0Fwisqd8,John Morales@gmail.com
instagrame,Peter Sutton,#CTf#4Alr*,Michael Ward@gmail.com
instagrame,Teresa Smith,H+F0KpLv5v,Vanessa Barnett@gmail.com
instagrame,Tina Callahan,6DyWwkkP)v,Gregory Jordan@gmail.com
instagrame,Morgan Dorsey,(*X2WbGyYv,Mr. Jonathan Trujillo DDS@gmail.com
instagrame,Emily Patel,^8O3U7yuyr,Matthew Hancock@gmail.com
instagrame,Donald Lin,9@t9HK#wDn,Mary Lee@gmail.com
instagrame,Tiffany Bonilla,T80@1Afe+v,Michael Morgan@gmail.com
instagrame,Sandra Bridges,$m2VuGBH2E,Kendra Taylor@gmail.com
instagrame,Jessica Robertson,d&Fm01ld^4,Mary Fleming DVM@gmail.com
instagrame,Melanie Hamilton,_70WtWqS47,Steven Collins@gmail.com
instagrame,David Lopez,(0A1B&ZYrC,Scott Erickson@gmail.com
instagrame,Andrea Bell,^ErRoaO+Z8,Stephanie Jones PhD@gmail.com
instagrame,Patricia Huff,7p4aeOBg(K,William Turner@gmail.com
instagrame,Lydia Harris,!1Xx9vzv7Q,Daniel Patterson@gmail.com
instagrame,Christine Baker,$02RTlKmec,Michael Reed@gmail.com
instagrame,Monica Winters,j_78Lyyz!1,Becky Fernandez@gmail.com
instagrame,Shannon Cooper,ju^%2M#rPI,Jessica Duncan@gmail.com
instagrame,Miranda Santiago,u#u3Cac%!N,Wendy Hansen MD@gmail.com
instagrame,Wayne Heath,0uX%e4Lc5G,Devin Rodriguez@gmail.com
instagrame,Ethan Hays,jgE5$sB_*0,Zachary Mcpherson@gmail.com
instagrame,Tony Perez,*aMeVjIKA7,Kimberly Barnes@gmail.com
instagrame,Cole Luna,&$ULBAzcY7,Robert Higgins@gmail.com
instagrame,Jason Bates,6tiX30qg#(,Anne May@gmail.com
instagrame,Nicholas Gates,L@33q0Wf&a,Brandi Lane@gmail.com
instagrame,Thomas Atkins,+&5@fQ%ynZ,Jesse Shaw@gmail.com
instagrame,Adam Waller,+2Y6Bq43z!,Brad Hart@gmail.com
instagrame,Erin Smith,u^F0AQq$WB,Cheryl Smith@gmail.com
instagrame,Katelyn Saunders,*5e_Yz#2K!,Meghan Orozco@gmail.com
instagrame,Daniel Owens MD,+!10AL3dwN,Megan Johnson@gmail.com
instagrame,Kyle Atkinson,pb3KLu$O_#,Patrick Combs@gmail.com
instagrame,Patricia Lee,&8wuLqZn_9,Justin Wade@gmail.com
instagrame,Angela Smith,4ymJvmL1*4,Todd Stewart@gmail.com
instagrame,Teresa Bush,v69fGQvSa&,Alan Arnold@gmail.com
instagrame,Dennis Rocha,Qj$7DQLq*x,Sharon Carter@gmail.com
instagrame,Mary Lewis,7KLD^iaf_0,Daniel Garcia@gmail.com
instagrame,Erik Cooper,$4$$rJ%bV1,Nicholas Holland@gmail.com
instagrame,Austin Moran,^jJ4XIfN+6,James Hayes@gmail.com
instagrame,James Fields,^2Oy0YhTzA,Tom Norris@gmail.com
instagrame,Jennifer White,u!Cp6Ra*x#,Tiffany Burns@gmail.com
instagrame,Linda Harris,#V!Mjmy+6p,Lauren Allen@gmail.com
instagrame,Manuel Wilkinson,Z$9!B*pquq,Johnny Smith@gmail.com
instagrame,Sean Lewis,3*LMqW8x#S,Cynthia Gonzalez@gmail.com
instagrame,Helen Phelps,B9f1HXGl$w,Stephanie Schultz@gmail.com
instagrame,Lisa Thomas,^oL7otik4C,Matthew Smith@gmail.com
instagrame,Alexis Smith,$+$KeRS)D3,Terry Rivera@gmail.com
instagrame,Anthony Beltran,@8CS+pM_pN,Jose Gray@gmail.com
instagrame,Paul Schmidt,2$kL8BcGQc,James Collins@gmail.com
instagrame,Christopher Dunlap,eMt9hSbc)z,Lindsay Haynes@gmail.com
instagrame,Christopher Gilbert,7qRNon8x^e,Zachary Aguilar@gmail.com
instagrame,Julie Hernandez,@bdd_GCiI2,Kurt Jones@gmail.com
instagrame,Sandra Carpenter,pI&#6PNmFQ,Donna Jones@gmail.com
instagrame,Katherine Jackson,Vi91T8Blt!,Jeremy Fox@gmail.com
instagrame,Darlene Maxwell,KiW97ZDv$_,Cynthia Smith MD@gmail.com
instagrame,Paige Vang,&cUTiXmir6,Rhonda Thomas@gmail.com
instagrame,Julie Barber,a2OGaeGl@S,Kristen Jackson@gmail.com
instagrame,Bradley Smith,1JKFV2be&i,Thomas Hill@gmail.com
instagrame,Christopher Massey,&638JbybyU,George Johnson@gmail.com
instagrame,George Alexander,p$8Ombpk7Z,Lori Oliver@gmail.com
instagrame,Jacqueline George,B$2^EBU&8m,Zachary Hendrix@gmail.com
instagrame,Barbara Baldwin,#83Qio+(!2,Jasmine Stevenson@gmail.com
instagrame,Taylor Patton,#fu%Dqp@+8,Andrew Brown@gmail.com
instagrame,Christopher Rogers,_F$C0J6wH3,Daniel Hammond@gmail.com
instagrame,Cody Martinez,)gP4KT(40o,Adam Carter@gmail.com
instagrame,Martin Lindsey,q1IODF3o%S,Jacqueline Mccoy@gmail.com
instagrame,Mercedes Parsons,c$3TsP!u*w,Daniel Figueroa@gmail.com
instagrame,Jose Miller,#4Jt&DhtOB,Joseph Burns@gmail.com
instagrame,Carrie George,)M8pTooE1!,Jeffrey Young@gmail.com
instagrame,Patricia Matthews,t(E!2UuxX2,Adam Briggs@gmail.com
instagrame,Jonathan Terrell,+!8OtiZXCL,Madison Nguyen@gmail.com
instagrame,Angela Mcdaniel,#Qj8Ok#f8_,Cory Nunez@gmail.com
instagrame,David Munoz,92kZvD9g$Q,Tim Mcfarland@gmail.com
instagrame,Carl Hansen,Kt8DLdWp^P,Kayla Thomas@gmail.com
instagrame,Nancy Bray,r2H_X@Be$s,Mark Yoder@gmail.com
instagrame,Anthony Hamilton,$nIP&hp6v0,Brandon Sanders@gmail.com
instagrame,Lauren Parks,%&9cZcXutN,Alyssa Turner@gmail.com
instagrame,Melissa Barnes,)v0g0HjrCo,Roy Houston@gmail.com
instagrame,Timothy Hughes,Z&9UmLm14(,Heather Potter@gmail.com
instagrame,Ricky Miranda,(4$fQ_rm%u,Monica Perez@gmail.com
instagrame,Gary Schultz,@6gWHj!Dv@,Robert Paul@gmail.com
instagrame,Rickey Moore,3!R1oI2PLo,Anthony Wells@gmail.com
instagrame,David Andersen,2xWsVWww#*,Colton Lee@gmail.com
instagrame,James Powell,(64PAgQU7z,Luis Brown@gmail.com
instagrame,Matthew Riggs,7XS4aS8v!u,Nicholas Callahan@gmail.com
instagrame,Kenneth Delgado,Z_rN43Veq9,David Lopez@gmail.com
instagrame,Kaylee Silva,js_5WtYD!E,Steven House@gmail.com
instagrame,Ann Norton,@cAR^1DcQ0,Bill Barnes@gmail.com
instagrame,Michael Richard,e0NN4Z9W_3,Gregory Clark@gmail.com
instagrame,Timothy Smith,$fF)1Ec_4$,Felicia Burns@gmail.com
instagrame,Anna Aguilar,KRq$4cSv(X,Jessica Moore@gmail.com
instagrame,Paula Bruce,34*h7Key*t,Jimmy George@gmail.com
instagrame,Jodi Johns,O1$P2zPB!_,Pamela Dixon@gmail.com
instagrame,Holly Anderson,^99GaZ3x$m,Julie Foley@gmail.com
instagrame,Sandra Cole,AE*m6K9vAd,David Perez@gmail.com
instagrame,Alyssa White,s9Zm7UiyT^,Tina Moore@gmail.com
instagrame,Edward Tran,b6R$4&Rb&9,John Hall Jr.@gmail.com
instagrame,Nancy Mcdonald,0qerNbw#_8,Joshua Taylor@gmail.com
